puedo conectarme a los servicios,1,3,,,,,,,
how can i sign into another account,1,3,,,,,,,
how many emails can i have,1,3,,,,,,,
how much storage do i have,1,3,,,,,,,
do i need to pay for more storage,1,3,,,,,,,
how much will it cost for more space,1,3,,,,,,,
how much disk space,1,3,,,,,,,
how can i delete my account,1,3,,,,,,,
i dont want my account,1,3,,,,,,,
i dont need my account,1,3,,,,,,,
i dont want my account,1,3,,,,,,,
i dont need my account,1,3,,,,,,,
can i disable my account,1,3,,,,,,,
can i restore my account,1,3,,,,,,,
my account was deleted and i need it back,1,3,,,,,,,
my account was deleted and i need to restore it,1,3,,,,,,,
how do i sign up,1,3,,,,,,
how can i sign up,1,3,,,,,,
where can i sign up,1,3,,,,,,
i dont know where to sign up,1,3,,,,,,
where can i create a gmail account,1,3,,,,,,
how can i create a gmail account,1,3,,,,,,
i want a gmail account,1,3,,,,,,
how can i switch over to gmail,1,3,,,,,,
i use a different email,1,3,,,,,,
can i move to gmail,1,3,,,,,,
i already have another email and want a gmail now,1,3,,,,,,
i want to update to gmail,1,3,,,,,,
how can i send a message,1,3,,,,,,
how do i compose messages,1,3,,,,,,
how do i send a message,1,3,,,,,,
how can i compose a message,1,3,,,,,,
can i have some pointers,1,3,,,,,,
i need tips,1,3,,,,,,
any helpful hints i should have,1,3,,,,,,
anything to make my time more productive,1,3,,,,,,
i need hints,1,3,,,,,,
how can i sign into gmail,1,3,,,,,,
how do i sign on to gmail,1,3,,,,,,
how do i login to gmail,1,3,,,,,,
how do i log in gmail,1,3,,,,,,
how can i log out of gmail,1,3,,,,,,
how can i sign out of gmail,1,3,,,,,,
how do i log out of gmail,1,3,,,,,,
how do i sign out of gmail,1,3,,,,,,,
how do i make sure my account is secure,1,3,,,,,,
i like privacy,1,3,,,,,,
i want to make this as private as possible,1,3,,,,,,
i have confidential emails here,1,3,,,,,,
tell me how to make sure my security is not compromised,1,3,,,,,,
how can i change my settings,1,3,,,,,,
where can i change stuff,1,3,,,,,,
can i change some defaults,1,3,,,,,,
can i modify the folders,1,3,,,,,,
can i log into multiple accounts,1,3,,,,,,
how can i sign into another account,1,3,,,,,,
how many emails can i have,1,3,,,,,,
how much storage do i have,1,3,,,,,,
do i need to pay for more storage,1,3,,,,,,
how much will it cost for more space,1,3,,,,,,
how much disk space,1,3,,,,,,
how can i delete my account,1,3,,,,,,
i dont want my account,1,3,,,,,,
i dont need my account,1,3,,,,,,
can i disable my account,1,3,,,,,,
can i restore my account,1,3,,,,,,
my account was deleted and i need it back,1,3,,,,,,
my account was deleted and i need to restore it,1,3,,,,,,
how can i change the theme,1,3,,,,,,
can i make it bigger,1,3,,,,,,
can i make it smaller,1,3,,,,,,
can i make more folders,1,3,,,,,,
can i move something to the trash,1,3,,,,,,
can i search for an older message,1,3,,,,,,
i need to find a message,1,3,,,,,,
how can i dig in my data,1,3,,,,,,
i need an old email,1,3,,,,,,
where did my email go,1,3,,,,,,
can i move to spam,1,3,,,,,,
mark as spam,1,3,,,,,,
phishing,1,3,,,,,,
i found a virus,1,3,,,,,,
i have too much spam,1,3,,,,,,
an email looks suspicous,1,3,,,,,,
i have too many unwanted email,1,3,,,,,,
how can i view my contacts,1,3,,,,,,
how can i see my contacts,1,3,,,,,,
how can i add some contacts,1,3,,,,,,
how can i edit a contact,1,3,,,,,,
how can i import contacts,1,3,,,,,,
how can i export my current contacts,1,3,,,,,,
how can i sync my contacts,1,3,,,,,,
how can i reset my password,1,3,,,,,,
i need to reset my password,1,3,,,,,,
someone reset my password,1,3,,,,,,
i forgot my password,1,3,,,,,,
i forgot my username,1,3,,,,,,
i dont have access to my username,1,3,,,,,,
i may have been hacked,1,3,,,,,,
my account is compromised,1,3,,,,,,